{"pM03dabhDqXUaiEdtnjjbA==":"chloe-bolton-r0qthxq3jec-unsplash99.jpeg","fazqRvUTnsGgtdkXAKxbpg==":"chloe-bolton-r0qthxq3jec-unsplash99.jpg","ZA/gNSBMsPLGzD9oofWtGg==":"chloe-bolton-l-bxrw-bz9i-unsplash.jpeg","+8YX7kNJcx4/ZEBWB28Txw==":"clayton-robbins-e3b0j05ic20-unsplash-1.jpg","NMINYDU06dL9gnx+zEFATg==":"clayton-robbins-ypynhyr7xrs-unsplash-1.jpg","SYO4I2gJ/3kV2ayFEfLCRA==":"clayton-robbins-kmzrutvsqai-unsplash-1.jpg","QkhU6GJCJl7GmxgiWuiMWw==":"grant-durr-vfgskggimaa-unsplash-1.jpg","IfNPsHqfO2nKGvAI/A3zcg==":"fernando-lavin-qxaavqecvew-unsplash-1.jpg","cLJadrIaogcdr4JkjzjI9g==":"faria-anzum-onk9ilkizs4-unsplash.jpg","cha0b7cQ8LVoexeP9Vndqg==":"annie-spratt-n42ogaqn32o-unsplash.jpg","GXzPB+NLWU8H2EdogtG93g==":"amin-hasani-kiifsibhkqw-unsplash.jpg","S2t9hq8nEPTXfgTt7Smavg==":"christy-moyer-5ippjvbbyo-unsplash.jpg","XqStexa3ucYeWEdbgE9USg==":"background1.jpg","gcg7mOw5bgl+bDj01ICzXA==":"shot-72.png","NjagmuN00dD4iqPgpmm6tQ==":"screenshot-73.jpg","lD9RWIg1EXLBi/Z5IdbPHw==":"screenshot-116.jpg","fhk/3YB4+raI/BcnR6iOiQ==":"blooming-blossomsbloomingblossoms.png","3FoIRAgaDR1b4Ep0Ods7hw==":"blooming-blossomsbloomingblossoms-1.png","XVCMLNeOhsKwWZGLior+jw==":"blooming-blossomsbloomingblossoms-2.png","wNP1o7xaBF/Ngc65psajoQ==":"pexels-andrea-piacquadio-947914.jpeg","OkCQLHo27kqpuGDOqG/b9g==":"pexels-andrea-piacquadio-947914-2000x1333.jpg","5nP1mXEa9XFIbKP9VaxwhQ==":"headningbloomingblosson-1067x115.png","74Hjcjy0UghPKG/AZNRaTw==":"heading-1067x115.png","V8ggxLsXjP+YSYNmgTdhcA==":"redflower.webp","MMrJvwThPTaqfAVUVPAFtw==":"bluerose.webp","/T7Gtf+Tfyso6W8uOukokA==":"yellowrose.webp","TBP7YBY2/KGIWPf1cMGShQ==":"purple.webp","FL24x3CGNk3Is1k+5fNOQg==":"pinkflower.webp","fUVLpE4VrPU8dRdTTfd3sg==":"whiterose.webp"}